id;id_sinistre;Position;first_name;last_name;email
106602035;202285615;Marketing;Petronia;Rew;prew0@example.com
106646706;202287706;Training;Mauricio;Walkingshaw;mwalkingshaw1@privacy.gov.au
106675868;202239078;Legal;Beatrice;Favelle;bfavelle2@dropbox.com
106685795;202283828;Human Resources;Ariela;Buxam;abuxam3@naver.com
106626893;202228895;Services;Kirsteni;Johananov;kjohananov4@dion.ne.jp
106657357;202274581;Product Management;Reeva;Noye;rnoye5@opera.com
106629084;202200316;Research and Development;Gayelord;Lucio;glucio6@japanpost.jp
106639708;202246687;Engineering;Van;Drabble;vdrabble7@msn.com
106669546;202282010;Research and Development;Normand;Dodle;ndodle8@google.co.uk
106694553;202241278;Engineering;Sheila-kathryn;Munehay;smunehay9@wiley.com
106669125;202258262;Business Development;Cad;Chauvey;cchauveya@icq.com
106665451;202224449;Legal;Heather;Depka;hdepkab@cocolog-nifty.com
106658163;202246919;Product Management;Terencio;Goodluck;tgoodluckc@blogger.com
106645962;202203150;Product Management;Zebulon;Gonzales;zgonzalesd@discovery.com
106651682;202266349;Services;Milt;Hickinbottom;mhickinbottome@amazon.com
106602124;202277937;Research and Development;Amalia;Skilling;askillingf@fastcompany.com
106698858;202227088;Engineering;Gavra;Banbrigge;gbanbriggeg@technorati.com
106607554;202242686;Accounting;Herbie;Cowley;hcowleyh@nsw.gov.au
106684528;202217497;Services;Arley;Grichukhin;agrichukhini@canalblog.com
106627619;202200374;Services;Wilden;Gottelier;wgottelierj@ft.com
106649161;202272368;Sales;Lewiss;Robjant;lrobjantk@biblegateway.com
106677155;202283029;Legal;Brandice;De Malchar;bdemalcharl@blogspot.com
106686267;202269984;Marketing;Rosamund;Renshall;rrenshallm@mit.edu
106696963;202231511;Support;Ragnar;Feacham;rfeachamn@trellian.com
106600152;202268391;Training;Rocky;Straffon;rstraffono@arstechnica.com
106681868;202256668;Engineering;Yvon;Scotchmore;yscotchmorep@who.int
106691207;202283439;Sales;Thornton;Goodsall;tgoodsallq@soundcloud.com
106611218;202203862;Services;Emmanuel;Sheber;esheberr@blogs.com
106678354;202241763;Services;Rasia;Hickinbottom;rhickinbottoms@senate.gov
106623940;202297167;Training;Vilhelmina;Birrane;vbirranet@blinklist.com
106664952;202242620;Support;Terri-jo;Lowis;tlowisu@bandcamp.com
106679702;202231443;Human Resources;Marshall;Bosence;mbosencev@comcast.net
106612425;202275945;Human Resources;Jarret;Calbaithe;jcalbaithew@tinyurl.com
106653458;202257935;Engineering;Merrick;Pughe;mpughex@g.co
106607722;202203151;Business Development;Jamima;Kettlesting;jkettlestingy@tinypic.com
106632011;202248500;Research and Development;Maryann;Roylance;mroylancez@umn.edu
106685893;202217299;Services;Fernandina;Chatel;fchatel10@freewebs.com
106689891;202292622;Product Management;Kale;Klemz;kklemz11@cpanel.net
106686298;202295101;Sales;Roscoe;Tyhurst;rtyhurst12@alibaba.com
106625021;202203421;Business Development;Marney;Eykelhof;meykelhof13@trellian.com
106605914;202245673;Accounting;Heindrick;Courvert;hcourvert14@discovery.com
106668959;202227728;Sales;Mickey;Alldred;malldred15@newsvine.com
106690924;202250206;Marketing;Astra;Sollime;asollime16@alexa.com
106685954;202297857;Marketing;Harriett;Plak;hplak17@homestead.com
106671516;202223827;Marketing;Idalina;Di Pietro;idipietro18@cbc.ca
106659418;202253390;Product Management;Koo;Pollington;kpollington19@mlb.com
106602757;202210559;Services;Tanney;Wellings;twellings1a@zimbio.com
106658345;202255070;Services;Cecelia;Tart;ctart1b@soundcloud.com
106650290;202277062;Marketing;Mariann;Whiskin;mwhiskin1c@shinystat.com
106685359;202243411;Engineering;Gelya;Vinau;gvinau1d@soundcloud.com
